﻿Designator,Quantity,Value,Footprint,Package,MPN,DNP,Mount_Type,REF,Description,Manufacturer Part,Manufacturer,Supplier Part,Supplier,LCSC Part Name,MF,Description_1,Price,SnapEDA_Link,MP,Availability,Check_prices
"C1, C10, C12, C15, C16, C17, C18, C2, C5, C7, C8, C9",12,104,C_0805_2012Metric_Pad1.18x1.45mm_HandSolder,,,,smt,C49678,,,,,,,,,,,,,
"C11, C13",2,10uF ±10% 10V,CL10A106KP8NNNC,,,,tht,,Capacitance: Tolerance:±10% Tolerance:±10% Voltage Rated: Temperature Coefficient:,CL10A106KP8NNNC,SAMSUNG(三星),C19702,LCSC,10uF ±10% 10V,,,,,,,
C14,1,4.7uF,CL10A475KP8NNNC,,,,tht,,Capacitance: Tolerance:±10% Tolerance:±10% Voltage Rated: Temperature Coefficient:,CL10A475KP8NNNC,SAMSUNG(三星),C1705,LCSC,4.7uF ±10% 10V,,,,,,,
C3,1,10uF ±10% 16V,CAP_10uF_CL21A106KOQNNNE,,,,tht,,Capacitance: Tolerance:±10% Tolerance:±10% Voltage Rated: Temperature Coefficient:,CL21A106KOQNNNE,SAMSUNG(三星),C1713,LCSC,10uF ±10% 16V,,,,,,,
C4,1,22uF ±20% 25V,CAP_22uF_CL21A226MAQNNNE,,,,tht,,Capacitance: Tolerance:±20% Tolerance:±20% Voltage Rated: Temperature Coefficient:,CL21A226MAQNNNE,SAMSUNG(三星),C45783,LCSC,22uF ±20% 25V,,,,,,,
C6,1,1uF ±10% 50V,CL10A105KB8NNNC,,,,tht,,Capacitance: Tolerance:±10% Tolerance:±10% Voltage Rated: Temperature Coefficient:,CL10A105KB8NNNC,SAMSUNG(三星),C15849,LCSC,1uF ±10% 50V,,,,,,,
CARD1,1,micro SD-CARD TF PUSH,TF-SMD_TF-PUSH-micro_SD_card_slot,,,,tht,,Card Connection Mode:Self-bouncing Card Type:MicroSD card (TF card) Connector Type:Card Slot Additional Card Detection Pins:None Supplementary Features:- Maximum Body Height:2mm Operating Temperature Range:-20°C~+90°C Operating Temperature Range:-20°C~+90°C,TF PUSH,SHOU HAN(首韩),C393941,LCSC,自弹式 MicroSD卡(TF卡) 卡座,,,,,,,
"D1, D2, D3",3,RB168MM-40TR,RB168MM-40TR,,,,tht,,Diode Configuration:Independent Type Forward Voltage (Vf@If):600mV@1A Reverse Voltage (Vr):40V Rectified Current:1A Reverse Leakage Current (Ir):50nA@40V,RB168MM-40TR,ROHM(罗姆),C509936,LCSC,电压:40V 电流:1A,,,,,,,
"H1, H2",2,Header-Female-2.54_1x3,Header-Female-2.54mm_1x3,,,,tht,,Pitch:2.54mm Row Spacing:- Mounting Type:Straight Number of Rows:Plugin Number of Holes:3P Insulation Height:- Contact Material:- Contact Plating:Gold,2.54-1*3P母,BOOMELE(博穆精密),C146243,LCSC,间距:2.54mm 直插,,,,,,,
"H3, H4",2,Header-Female-2.54_1x6,Header-Female-2.54_1x6,,,,tht,,Holes Structure:1x6P Pitch:2.54mm Row Spacing:- Mounting Type:Straight Number of Rows:Plugin Number of Holes:6P Insulation Height:- Contact Material:- Contact Plating:-,2.54-1*6P母,BOOMELE(博穆精密),C40877,LCSC,间距:2.54mm 1x6P 直插,,,,,,,
"H5, H6",2,Header-Female-2.54_1x2,Header-Female-2.54_1x2,,,,tht,,Holes Structure:1x2P Pitch:2.54mm Row Spacing:- Mounting Type:Straight Number of Rows:Plugin Number of Holes:2P Insulation Height:- Contact Material:- Contact Plating:-,2.54-1*2P母,BOOMELE(博穆精密),C49661,LCSC,间距:2.54mm 1x2P 直插,,,,,,,
"J1, J2",2,SM04B-SRSS-TB,CONN_SM04B-SRSS-TB_JST,,,,smt,,,,,,,,,,,,,,
LED1,1,TJ-S1615CY6TGLCCSRGB-A5,TJ-S1615CY6TGLCCSRGB-A5,,,,tht,,Diode Configuration:Common Cathode Luminous Intensity:G:300mcd~800mcd；B:60mcd~200mcd；R:60mcd~200mcd Viewing Angle:120° Lens Color:Colorless Transparent Lens Installation Method:Positive Stick Operating Temperature:-40°C~+80°C Operating Temperature:-40°C~+80°C,TJ-S1615CY6TGLCCSRGB-A5,TOGIALED(统佳),C601684,LCSC,RGB三色,,,,,,,
L_B-B1,1,2.2uH ±20% 3.2A,IND_2.2uH_SWPA4018S2R2MT,,,,tht,,Inductance: Tolerance:±20% Tolerance:±20% Rated Current: Current - Saturation(Isat):3.2A DC Resistance(DCR): Type:- Ratings:-,SWPA4018S2R2MT,Sunlord(顺络),C50543,LCSC,2.2uH ±20% 3.2A,,,,,,,
"Q1, Q2",2,2N3904S-RTK/PS,2n3904S-RTKPS,,,,tht,,"type:NPN Current - Collector(Ic): Collector - Emitter Voltage VCEO:40V Pd - Power Dissipation:350mW DC Current Gain:100@10mA,1V DC Current Gain:100@10mA,1V Transition frequency(fT):300MHz Current - Collector Cutoff:- Vce Saturation(VCE(sat)):300mV Operati",2N3904S-RTK/PS,KEC,C18536,LCSC,2N3904S-RTK/PS,,,,,,,
"Q10, Q4, Q7, Q8",4,P-MOSFET-ENH-BSS84LT1G,BSS84LT1G,,,,tht,,"Type:1个PChannel Drain Source Voltage (Vdss): Continuous Drain Current (Id): Power Dissipation (Pd): Drain Source On Resistance (RDS(on)@Vgs,Id):10Ω@5V,100mA Gate Threshold Voltage (Vgs(th)@Id):2V@250uA Input Capacitance (Ciss@Vds):30pF@5V Operating Temper",BSS84LT1G,onsemi(安森美),C82079,LCSC,1个P沟道 耐压:50V 电流:130mA,,,,,,,
"Q11, Q3, Q6, Q9",4,N-MOSFET-ENH-2N7002,2N7002,,,,tht,,"Type:1 N-Channel Drain Source Voltage (Vdss): Continuous Drain Current (Id): Drain Source On Resistance (RDS(on)@Vgs,Id):5Ω@10V Power Dissipation (Pd):225mW Gate Threshold Voltage (Vgs(th)@Id):2.5V@250uA Input Capacitance (Ciss@Vds):50pF Reverse Transfer",2N7002,CJ(江苏长电/长晶),C8545,LCSC,1个N沟道 耐压:60V 电流:115mA,,,,,,,
Q5,1,PMOSFET-DMP1045U-7,PMOSFET-DMP1045U-7,,,,tht,,"Type:1 Piece P-Channel Drain Source Voltage (Vdss): Continuous Drain Current (Id): Drain Source On Resistance (RDS(on)@Vgs,Id):31mΩ@4.5V,4A Power Dissipation (Pd): Gate Threshold Voltage (Vgs(th)@Id):1V@250uA Total Gate Charge (Qg@Vgs):15.8nC@4.5V Input C",DMP1045U-7,DIODES(美台),C177033,LCSC,1个P沟道 耐压:12V 电流:4A,,,,,,,
"R1, R13, R14, R15, R2, R25, R29, R32, R7, R8, R9",11,10K,R_0805_2012Metric_Pad1.20x1.40mm_HandSolder,,,,smt,C17414,,,,,,,,,,,,,
"R16, R24, R26, R31",4,100,R_0805_2012Metric_Pad1.20x1.40mm_HandSolder,,,,smt,C17408,,,,,,,,,,,,,
R17,1,220Ω,0603WAJ0221T5E,,,,tht,C1226,Type:Thick Film Resistors Resistance: Tolerance:±5% Tolerance:±5% Power(Watts): Overload Voltage (Max): Temperature Coefficient:±100ppm/°C Temperature Coefficient:±100ppm/°C Operating Temperature Range:-55°C~+155°C Operating Temperature Range:-55°C~+155°C,0603WAJ0221T5E,UNI-ROYAL(厚声),C1226,LCSC,220Ω ±5% 100mW,,,,,,,
"R18, R19, R20, R21, R22, R23",6,7.5kΩ,0603WAF7501T5E,,,,tht,,Type:Thick Film Resistors Resistance:7.5kΩ Tolerance:±1% Tolerance:±1% Power(Watts): Overload Voltage (Max): Temperature Coefficient:±100ppm/°C Temperature Coefficient:±100ppm/°C Operating Temperature Range:-55°C~+155°C Operating Temperature Range:-55°C~+155°C,0603WAF7501T5E,UNI-ROYAL(厚声),C23234,LCSC,7.5kΩ ±1% 100mW,,,,,,,
"R27, R28, R30",3,4.7kΩ ±1% 100mW,0603WAF4701T5E,,,,tht,,Type:Thick Film Resistors Resistance:4.7kΩ Tolerance:±1% Tolerance:±1% Power(Watts): Overload Voltage (Max): Temperature Coefficient:±100ppm/°C Temperature Coefficient:±100ppm/°C Operating Temperature Range:-55°C~+155°C Operating Temperature Range:-55°C~+155°C,0603WAF4701T5E,UNI-ROYAL(厚声),C23162,LCSC,4.7kΩ ±1% 100mW,,,,,,,
R3,1,22K1,R_0805_2012Metric_Pad1.20x1.40mm_HandSolder,,,,smt,C2930182,,,,,,,,,,,,,
"R33, R34",2,36Ω ±1% 62.5mW,RES_10K_0402WGF1002TCE,,,,tht,,62.5mW Thick Film Resistors 50V ±100ppm/℃ ±5% 36Ω 0402 Chip Resistor - Surface Mount ROHS,FRC0402J360 TS,FOJAN,C2906935,,36Ω ±1% 62.5mW,,,,,,,
R35,1,150Ω ±1% 62.5mW,RES_10K_0402WGF1002TCE,,,,tht,,62.5mW Thick Film Resistors 50V ±100ppm/℃ ±1% 150Ω 0402 Chip Resistor - Surface,RC0402FR-07150RL,YAGEO ,C138054,,150Ω ±1% 62.5mW,,,,,,,
R4,1,47K5,R_0805_2012Metric_Pad1.20x1.40mm_HandSolder,,,,smt,C245335,,,,,,,,,,,,,
"R5, R6",2,1K,R_0805_2012Metric_Pad1.20x1.40mm_HandSolder,,,,smt,C17513,,,,,,,,,,,,,
"SW1, SW2",2,~,KMR211NGLFS,,,,tht,,Circuit:SPST - normally open Actuator Style:Round Button Operating Force:120gf Mounting Style:Standing paste Contact Current:50mA Voltage Rating (DC):32V Pin Style:Gullwing Operating Temperature:-40°C~+85°C Operating Temperature:-40°C~+85°C,KMR211NGLFS,C&K,C221676,LCSC,KMR211NGLFS,,,,,,,
SW3,1,SPDT,SS-12F49-G050,,,,tht,,Circuit:SPDT Actuator Style:Rectangular columnar Pin Style:PCPin Switch Length:12.1mm Switch Width:5.9mm Switch Height:14mm Mounting Style:Straight Actuator Color:Black Current Rating (DC):1A Voltage Rating (DC):24V Mechanical Life:1万次 Operating Temperatu,SS-12F49-G050,G-Switch(品赞),C2876010,LCSC,柄长5mm 直插两档 滑动开关,,,,,,,
"TP1, TP2, TP3, TP4, TP5",5,TestPoint,TestPoint_Pad_D1.0mm,,,,tht,,,,,,,,,,,,,,
U1,1,USBLC6-2SC6,SOT-23-6,,,,smt,C2827654,"Very low capacitance ESD protection diode, 2 data-line, SOT-23-6",,,,,,,,,,,,
U2,1,~,CONN-TH_S2B-PH-K-S-GW,,,,tht,,Pins Structure:1x2P Pitch:2mm Mounting Style:Right-Angle Reference Series:PH Number of Pins:2P Number of Rows:1 Number of PINs Per Row:2 Row Spacing:- Current Rating (Max):2A Contact Material:Brass Contact Plating:Tin Operating Temperature Range:-25°C~+85°C,S2B-PH-K-S-GW,JST,C157932,LCSC,1x2P 间距:2mm 弯插 系列:PH,,,,,,,
U3,1,CP2102N-Axx-xQFN28,QFN-28-1EP_5x5mm_P0.5mm_EP3.35x3.35mm,,,,smt,C964632,,,,,,,,,,,,,
U4,1,DFR0819,DFR0819,,,,tht,,RTC DFR0819,,,,,,,,,,,,
U5,1,TPS63001DRCR,TPS63001DRCR,,,,tht,,Function:Boost type Output Type:Fixed Voltage - Supply:1.8V~5.5V Voltage - Supply:1.8V~5.5V Output Voltage:3.3V Output Voltage:3.3V Output Current:- Frequency - Switching:1.5MHz Frequency - Switching:1.5MHz Operating Temperature:-40°C~+85°C@(TA) Operating T,TPS63001DRCR,TI(德州仪器),C28060,LCSC,高效率单电感升降压转换器,,,,,,,
U6,1,~,WIFI-SMD_ESP32-WROVER-E-N4R8,,,,tht,,,ESP32-WROVER-E-N4R8,ESPRESSIF(乐鑫),C967023,LCSC,通用型Wi-Fi+BT+BLE MCU模组,,,,,,,
U7,1,USB4110GFA,GCT_USB4110GFA,None,,,smt,,USB-C Connector,,,,,,GCT,"USB-C (USB TYPE-C) USB 2.0 Receptacle Connector 24 (16+8 Dummy) Position Surface Mount, Right Angle; Through Hole",None,https://www.snapeda.com/parts/USB4110-GF-A/Global+Connector+Technology/view-part/?ref=snap,USB4110-GF-A,In Stock,https://www.snapeda.com/parts/USB4110-GF-A/Global+Connector+Technology/view-part/?ref=eda
