﻿pos_x,pos_y,rotation,side,designator,mpn,pack,footprint,value,mount_type
151.7946,-50.4956,0.0,top,C1,,,C_0805_2012Metric_Pad1.18x1.45mm_HandSolder,104,smt
136.0968,-118.6759,-90.0,top,C10,,,C_0805_2012Metric_Pad1.18x1.45mm_HandSolder,104,smt
134.7646,-83.1558,90.0,top,C11,,,CL10A106KP8NNNC,10uF ±10% 10V,tht
132.3506,-83.1598,-90.0,top,C12,,,C_0805_2012Metric_Pad1.18x1.45mm_HandSolder,104,smt
143.6946,-83.1858,90.0,top,C13,,,CL10A106KP8NNNC,10uF ±10% 10V,tht
141.4746,-83.1758,90.0,top,C14,,,CL10A475KP8NNNC,4.7uF,tht
122.8158,-49.4395,-90.0,top,C15,,,C_0805_2012Metric_Pad1.18x1.45mm_HandSolder,104,smt
177.2517,-106.8356,180.0,top,C16,,,C_0805_2012Metric_Pad1.18x1.45mm_HandSolder,104,smt
112.5286,-80.2418,90.0,top,C17,,,C_0805_2012Metric_Pad1.18x1.45mm_HandSolder,104,smt
129.5466,-106.8649,90.0,top,C18,,,C_0805_2012Metric_Pad1.18x1.45mm_HandSolder,104,smt
99.2952,-62.0096,0.0,top,C2,,,C_0805_2012Metric_Pad1.18x1.45mm_HandSolder,104,smt
99.3112,-65.1846,180.0,top,C3,,,CAP_10uF_CL21A106KOQNNNE,10uF ±10% 16V,tht
146.3026,-70.6192,180.0,top,C4,,,CAP_22uF_CL21A226MAQNNNE,22uF ±20% 25V,tht
100.5314,-113.45,-90.0,top,C5,,,C_0805_2012Metric_Pad1.18x1.45mm_HandSolder,104,smt
105.5352,-56.1556,90.0,top,C6,,,CL10A105KB8NNNC,1uF ±10% 50V,tht
146.3401,-73.6672,0.0,top,C7,,,C_0805_2012Metric_Pad1.18x1.45mm_HandSolder,104,smt
146.3401,-76.5628,0.0,top,C8,,,C_0805_2012Metric_Pad1.18x1.45mm_HandSolder,104,smt
103.173,-113.4539,-90.0,top,C9,,,C_0805_2012Metric_Pad1.18x1.45mm_HandSolder,104,smt
135.89,-128.4758,0.0,top,CARD1,,,TF-SMD_TF-PUSH-micro_SD_card_slot,micro SD-CARD TF PUSH,tht
97.9998,-113.9204,90.0,top,D1,,,RB168MM-40TR,RB168MM-40TR,tht
99.219,-75.9746,-90.0,top,D2,,,RB168MM-40TR,RB168MM-40TR,tht
117.888,-74.8842,-90.0,top,D3,,,RB168MM-40TR,RB168MM-40TR,tht
143.5928,-106.099,90.0,top,H1,,,Header-Female-2.54mm_1x3,Header-Female-2.54_1x3,tht
135.9728,-106.099,90.0,top,H2,,,Header-Female-2.54mm_1x3,Header-Female-2.54_1x3,tht
118.0338,-133.8358,0.0,top,H3,,,Header-Female-2.54_1x6,Header-Female-2.54_1x6,tht
153.67,-133.8358,0.0,top,H4,,,Header-Female-2.54_1x6,Header-Female-2.54_1x6,tht
106.6038,-133.8358,0.0,top,H5,,,Header-Female-2.54_1x2,Header-Female-2.54_1x2,tht
180.8988,-49.5046,90.0,top,H6,,,Header-Female-2.54_1x2,Header-Female-2.54_1x2,tht
175.6716,-115.3603,180.0,top,J1,,,CONN_SM04B-SRSS-TB_JST,SM04B-SRSS-TB,smt
164.479601,-115.3603,180.0,top,J2,,,CONN_SM04B-SRSS-TB_JST,SM04B-SRSS-TB,smt
121.158,-67.437,0.0,top,LED1,,,TJ-S1615CY6TGLCCSRGB-A5,TJ-S1615CY6TGLCCSRGB-A5,tht
138.5382,-77.672285,180.0,top,L_B-B1,,,IND_2.2uH_SWPA4018S2R2MT,2.2uH ±20% 3.2A,tht
111.7358,-89.68335,-90.0,top,Q1,,,2n3904S-RTKPS,2N3904S-RTK/PS,tht
123.7562,-103.8034,90.0,top,Q10,,,BSS84LT1G,P-MOSFET-ENH-BSS84LT1G,tht
124.9238,-96.5646,90.0,top,Q11,,,2N7002,N-MOSFET-ENH-2N7002,tht
112.0792,-95.64355,0.0,top,Q2,,,2n3904S-RTKPS,2N3904S-RTK/PS,tht
106.4326,-60.1504,90.0,top,Q3,,,2N7002,N-MOSFET-ENH-2N7002,tht
112.0556,-63.935,180.0,top,Q4,,,BSS84LT1G,P-MOSFET-ENH-BSS84LT1G,tht
114.3988,-75.5834,0.0,top,Q5,,,PMOSFET-DMP1045U-7,PMOSFET-DMP1045U-7,tht
146.1422,-95.1008,0.0,top,Q6,,,2N7002,N-MOSFET-ENH-2N7002,tht
139.8023,-96.3612,90.0,top,Q7,,,BSS84LT1G,P-MOSFET-ENH-BSS84LT1G,tht
175.0126,-102.5938,90.0,top,Q8,,,BSS84LT1G,P-MOSFET-ENH-BSS84LT1G,tht
179.9046,-96.685,90.0,top,Q9,,,2N7002,N-MOSFET-ENH-2N7002,tht
102.7404,-120.0805,180.0,top,R1,,,R_0805_2012Metric_Pad1.20x1.40mm_HandSolder,10K,smt
103.9302,-65.4106,-90.0,top,R13,,,R_0805_2012Metric_Pad1.20x1.40mm_HandSolder,10K,smt
114.5606,-54.8598,-90.0,top,R14,,,R_0805_2012Metric_Pad1.20x1.40mm_HandSolder,10K,smt
119.6906,-49.3398,90.0,top,R15,,,R_0805_2012Metric_Pad1.20x1.40mm_HandSolder,10K,smt
112.0506,-50.7498,-90.0,top,R16,,,R_0805_2012Metric_Pad1.20x1.40mm_HandSolder,100,smt
145.8946,-83.1758,90.0,top,R17,,,0603WAJ0221T5E,220Ω,tht
138.2304,-119.344,90.0,top,R18,,,0603WAF7501T5E,7.5kΩ,tht
133.76,-119.2424,90.0,top,R19,,,0603WAF7501T5E,7.5kΩ,tht
114.7132,-44.4318,90.0,top,R2,,,R_0805_2012Metric_Pad1.20x1.40mm_HandSolder,10K,smt
131.5248,-120.1452,90.0,top,R20,,,0603WAF7501T5E,7.5kΩ,tht
142.8532,-117.2104,90.0,top,R21,,,0603WAF7501T5E,7.5kΩ,tht
140.7704,-117.3628,90.0,top,R22,,,0603WAF7501T5E,7.5kΩ,tht
128.807,-119.7642,90.0,top,R23,,,0603WAF7501T5E,7.5kΩ,tht
150.4297,-96.066,0.0,top,R24,,,R_0805_2012Metric_Pad1.20x1.40mm_HandSolder,100,smt
139.7617,-92.5608,180.0,top,R25,,,R_0805_2012Metric_Pad1.20x1.40mm_HandSolder,10K,smt
180.7886,-92.1958,90.0,top,R26,,,R_0805_2012Metric_Pad1.20x1.40mm_HandSolder,100,smt
139.0039,-99.9776,0.0,top,R27,,,0603WAF4701T5E,4.7kΩ ±1% 100mW,tht
176.9515,-110.0106,180.0,top,R28,,,0603WAF4701T5E,4.7kΩ ±1% 100mW,tht
175.0126,-99.2918,180.0,top,R29,,,R_0805_2012Metric_Pad1.20x1.40mm_HandSolder,10K,smt
105.8146,-113.4191,90.0,top,R3,,,R_0805_2012Metric_Pad1.20x1.40mm_HandSolder,22K1,smt
126.9304,-106.5731,90.0,top,R30,,,0603WAF4701T5E,4.7kΩ ±1% 100mW,tht
129.1656,-95.5834,0.0,top,R31,,,R_0805_2012Metric_Pad1.20x1.40mm_HandSolder,100,smt
123.8824,-99.9268,180.0,top,R32,,,R_0805_2012Metric_Pad1.20x1.40mm_HandSolder,10K,smt
121.158,-62.8408,90.0,top,R33,,,RES_10K_0402WGF1002TCE,36Ω ±1% 62.5mW,tht
122.8598,-62.8396,90.0,top,R34,,,RES_10K_0402WGF1002TCE,36Ω ±1% 62.5mW,tht
119.5578,-62.8384,90.0,top,R35,,,RES_10K_0402WGF1002TCE,150Ω ±1% 62.5mW,tht
108.4562,-113.4379,-90.0,top,R4,,,R_0805_2012Metric_Pad1.20x1.40mm_HandSolder,47K5,smt
113.7902,-113.4379,90.0,top,R5,,,R_0805_2012Metric_Pad1.20x1.40mm_HandSolder,1K,smt
111.0978,-113.4379,-90.0,top,R6,,,R_0805_2012Metric_Pad1.20x1.40mm_HandSolder,1K,smt
116.4318,-113.4379,90.0,top,R7,,,R_0805_2012Metric_Pad1.20x1.40mm_HandSolder,10K,smt
115.5639,-95.72915,90.0,top,R8,,,R_0805_2012Metric_Pad1.20x1.40mm_HandSolder,10K,smt
118.0531,-95.74515,90.0,top,R9,,,R_0805_2012Metric_Pad1.20x1.40mm_HandSolder,10K,smt
151.6446,-57.4358,90.0,top,SW1,,,KMR211NGLFS,~,tht
99.4046,-57.4958,90.0,top,SW2,,,KMR211NGLFS,~,tht
103.8746,-75.7058,90.0,top,SW3,,,SS-12F49-G050,SPDT,tht
128.6322,-70.793,180.0,top,TP2,,,TestPoint_Pad_D1.0mm,TestPoint,tht
114.375,-120.362,-90.0,top,TP3,,,TestPoint_Pad_D1.0mm,TestPoint,tht
106.4072,-101.59435,90.0,top,U1,,,SOT-23-6,USBLC6-2SC6,smt
101.7346,-90.2258,90.0,top,U2,,,CONN-TH_S2B-PH-K-S-GW,~,tht
114.0272,-102.00385,0.0,top,U3,,,QFN-28-1EP_5x5mm_P0.5mm_EP3.35x3.35mm,CP2102N-Axx-xQFN28,smt
170.0282,-78.1893,-90.0,top,U4,,,DFR0819,DFR0819,tht
138.5246,-84.0558,-90.0,top,U5,,,TPS63001DRCR,TPS63001DRCR,tht
135.6846,-53.4858,0.0,top,U6,,,WIFI-SMD_ESP32-WROVER-E-N4R8,~,tht
101.6896,-101.9758,-90.0,top,U7,,None,GCT_USB4110GFA,USB4110GFA,smt
